{
  "timestamp_utc": "2026-04-11T07:06:06.278893+00:00",
  "splits": {
    "train_size": 6775,
    "validation_size": 847,
    "test_size": 847
  },
  "class_labels": [
    "Critical",
    "High",
    "Low",
    "Medium"
  ],
  "validation": {
    "accuracy": 0.2538370720188902,
    "macro_f1": 0.25205712504069183,
    "weighted_f1": 0.2526339865393051,
    "classification_report": {
      "Critical": {
        "precision": 0.25339366515837103,
        "recall": 0.26291079812206575,
        "f1-score": 0.25806451612903225,
        "support": 213.0
      },
      "High": {
        "precision": 0.2524752475247525,
        "recall": 0.24519230769230768,
        "f1-score": 0.24878048780487805,
        "support": 208.0
      },
      "Low": {
        "precision": 0.2265193370165746,
        "recall": 0.19806763285024154,
        "f1-score": 0.211340206185567,
        "support": 207.0
      },
      "Medium": {
        "precision": 0.2757201646090535,
        "recall": 0.3059360730593607,
        "f1-score": 0.29004329004329005,
        "support": 219.0
      },
      "accuracy": 0.2538370720188902,
      "macro avg": {
        "precision": 0.2520271035771879,
        "recall": 0.25302670293099394,
        "f1-score": 0.25205712504069183,
        "support": 847.0
      },
      "weighted avg": {
        "precision": 0.25237298816492937,
        "recall": 0.2538370720188902,
        "f1-score": 0.2526339865393051,
        "support": 847.0
      }
    },
    "confusion_matrix": [
      [
        56,
        54,
        45,
        58
      ],
      [
        54,
        51,
        49,
        54
      ],
      [
        55,
        47,
        41,
        64
      ],
      [
        56,
        50,
        46,
        67
      ]
    ]
  },
  "test": {
    "accuracy": 0.24557260920897284,
    "macro_f1": 0.24554293071358813,
    "weighted_f1": 0.2456142564672622,
    "classification_report": {
      "Critical": {
        "precision": 0.21777777777777776,
        "recall": 0.2300469483568075,
        "f1-score": 0.2237442922374429,
        "support": 213.0
      },
      "High": {
        "precision": 0.26666666666666666,
        "recall": 0.22966507177033493,
        "f1-score": 0.2467866323907455,
        "support": 209.0
      },
      "Low": {
        "precision": 0.24761904761904763,
        "recall": 0.2524271844660194,
        "f1-score": 0.25,
        "support": 206.0
      },
      "Medium": {
        "precision": 0.2543103448275862,
        "recall": 0.2694063926940639,
        "f1-score": 0.2616407982261641,
        "support": 219.0
      },
      "accuracy": 0.24557260920897284,
      "macro avg": {
        "precision": 0.24659345922276957,
        "recall": 0.24538639932180645,
        "f1-score": 0.24554293071358813,
        "support": 847.0
      },
      "weighted avg": {
        "precision": 0.24654485162546066,
        "recall": 0.24557260920897284,
        "f1-score": 0.2456142564672622,
        "support": 847.0
      }
    },
    "confusion_matrix": [
      [
        49,
        39,
        56,
        69
      ],
      [
        63,
        48,
        51,
        47
      ],
      [
        44,
        53,
        52,
        57
      ],
      [
        69,
        40,
        51,
        59
      ]
    ]
  }
}